"skim_type","skim_variable","n_missing","complete_rate","character.min","character.max","character.empty","character.n_unique","character.whitespace","factor.ordered","factor.n_unique","factor.top_counts","numeric.mean","numeric.sd","numeric.p0","numeric.p25","numeric.p50","numeric.p75","numeric.p100","numeric.hist"
"character","ano",0,1,4,4,0,1,0,NA,NA,NA,NA,NA,NA,NA,NA,NA,NA,NA
"character","trimestre",0,1,1,1,0,1,0,NA,NA,NA,NA,NA,NA,NA,NA,NA,NA,NA
"character","uf",0,1,2,2,0,27,0,NA,NA,NA,NA,NA,NA,NA,NA,NA,NA,NA
"character","capital",75109,0.237766140981144,2,2,0,27,0,NA,NA,NA,NA,NA,NA,NA,NA,NA,NA,NA
"character","rm_ride",67786,0.312082648318415,2,2,0,21,0,NA,NA,NA,NA,NA,NA,NA,NA,NA,NA,NA
"character","upa",0,1,9,9,0,14828,0,NA,NA,NA,NA,NA,NA,NA,NA,NA,NA,NA
"character","estrato",0,1,7,7,0,573,0,NA,NA,NA,NA,NA,NA,NA,NA,NA,NA,NA
"character","v1008",0,1,2,2,0,14,0,NA,NA,NA,NA,NA,NA,NA,NA,NA,NA,NA
"character","v1014",0,1,2,2,0,2,0,NA,NA,NA,NA,NA,NA,NA,NA,NA,NA,NA
"character","v1022",0,1,1,1,0,2,0,NA,NA,NA,NA,NA,NA,NA,NA,NA,NA,NA
"character","posest",0,1,3,3,0,77,0,NA,NA,NA,NA,NA,NA,NA,NA,NA,NA,NA
"character","posest_sxi",0,1,3,3,0,6,0,NA,NA,NA,NA,NA,NA,NA,NA,NA,NA,NA
"character","v2003",0,1,2,2,0,15,0,NA,NA,NA,NA,NA,NA,NA,NA,NA,NA,NA
"character","v2007",0,1,1,1,0,2,0,NA,NA,NA,NA,NA,NA,NA,NA,NA,NA,NA
"character","v2010",0,1,1,1,0,6,0,NA,NA,NA,NA,NA,NA,NA,NA,NA,NA,NA
"character","v3001",0,1,1,1,0,2,0,NA,NA,NA,NA,NA,NA,NA,NA,NA,NA,NA
"character","v3002",0,1,1,1,0,2,0,NA,NA,NA,NA,NA,NA,NA,NA,NA,NA,NA
"character","v3003a",60334,0.387708295276949,2,2,0,9,0,NA,NA,NA,NA,NA,NA,NA,NA,NA,NA,NA
"character","v3009a",38902,0.605208143051412,2,2,0,12,0,NA,NA,NA,NA,NA,NA,NA,NA,NA,NA,NA
"character","v3014",40895,0.584982443321358,1,1,0,2,0,NA,NA,NA,NA,NA,NA,NA,NA,NA,NA,NA
"character","vd3004",0,1,1,1,0,7,0,NA,NA,NA,NA,NA,NA,NA,NA,NA,NA,NA
"character","vd3005",0,1,2,2,0,17,0,NA,NA,NA,NA,NA,NA,NA,NA,NA,NA,NA
"character","vd4001",0,1,1,1,0,2,0,NA,NA,NA,NA,NA,NA,NA,NA,NA,NA,NA
"character","vd4002",40793,0.58601757697538,1,1,0,2,0,NA,NA,NA,NA,NA,NA,NA,NA,NA,NA,NA
"character","vd4003",57745,0.41398242302462,1,1,0,2,0,NA,NA,NA,NA,NA,NA,NA,NA,NA,NA,NA
"character","vd4004a",95049,0.0354076599890397,1,1,0,1,0,NA,NA,NA,NA,NA,NA,NA,NA,NA,NA,NA
"character","vd4009",48295,0.509884511558993,2,2,0,10,0,NA,NA,NA,NA,NA,NA,NA,NA,NA,NA,NA
"character","id_domicilio",0,1,13,13,0,70724,0,NA,NA,NA,NA,NA,NA,NA,NA,NA,NA,NA
"factor","faixa_idade",0,1,NA,NA,NA,NA,NA,FALSE,3,"18-: 45547, 25-: 32176, 15-: 20815",NA,NA,NA,NA,NA,NA,NA,NA
"factor","sexo",0,1,NA,NA,NA,NA,NA,FALSE,2,"Hom: 49867, Mul: 48671",NA,NA,NA,NA,NA,NA,NA,NA
"factor","cor_raca",0,1,NA,NA,NA,NA,NA,FALSE,6,"Par: 52982, Bra: 34440, Pre: 9981, Ind: 629",NA,NA,NA,NA,NA,NA,NA,NA
"factor","situacao_dom",0,1,NA,NA,NA,NA,NA,FALSE,2,"Urb: 73513, Rur: 25025",NA,NA,NA,NA,NA,NA,NA,NA
"factor","regiao",0,1,NA,NA,NA,NA,NA,FALSE,5,"Nor: 34135, Sud: 23653, Nor: 15846, Sul: 15023",NA,NA,NA,NA,NA,NA,NA,NA
"numeric","v1027",0,1,NA,NA,NA,NA,NA,NA,NA,NA,350.844298582887,334.565886413029,6.13383838,148.36538462,249.78657407,429.97140731,6149.58367347,"▇▁▁▁▁"
"numeric","v1028",0,1,NA,NA,NA,NA,NA,NA,NA,NA,481.275655465127,453.183906355088,8.37683534,204.604653765,345.06959862,591.1492502925,10163.27021588,"▇▁▁▁▁"
"numeric","v1029",0,1,NA,NA,NA,NA,NA,NA,NA,NA,5392473.62433782,5502437.62046705,115045,1489748,3201477,6708461,24435120,"▇▅▁▁▁"
"numeric","v1033",0,1,NA,NA,NA,NA,NA,NA,NA,NA,8405617.23915647,452401.608629536,7894896,8096928,8214469,8780481,9180031,"▇▇▁▅▅"
"numeric","v2009",0,1,NA,NA,NA,NA,NA,NA,NA,NA,21.8849682356045,4.34374863642363,15,18,22,26,29,"▇▇▇▇▇"
"numeric","vd4019",50286,0.489679108567253,NA,NA,NA,NA,NA,NA,NA,NA,1872.07189339302,2214.78998986595,14,1200,1400,2000,150000,"▇▁▁▁▁"
"numeric","vd4020",50286,0.489679108567253,NA,NA,NA,NA,NA,NA,NA,NA,1917.23491254249,2330.18280505218,0,1000,1400,2100,150000,"▇▁▁▁▁"
"numeric","v1028001",0,1,NA,NA,NA,NA,NA,NA,NA,NA,480.769446300043,793.344267582913,0,0,231.597067425,620.71831229,14527.74251516,"▇▁▁▁▁"
"numeric","v1028002",0,1,NA,NA,NA,NA,NA,NA,NA,NA,481.165988221394,797.568288983058,0,0,237.493247105,621.33221062,20647.45263337,"▇▁▁▁▁"
"numeric","v1028003",0,1,NA,NA,NA,NA,NA,NA,NA,NA,481.79924424225,815.247127847377,0,0,231.737610835,623.610942165,34552.47971287,"▇▁▁▁▁"
"numeric","v1028004",0,1,NA,NA,NA,NA,NA,NA,NA,NA,481.467373997997,796.688096663461,0,0,226.15421729,626.14372671,20005.96599622,"▇▁▁▁▁"
"numeric","v1028005",0,1,NA,NA,NA,NA,NA,NA,NA,NA,481.405119009497,826.342065569052,0,0,234.015250155,619.8754302,29757.51197317,"▇▁▁▁▁"
"numeric","v1028006",0,1,NA,NA,NA,NA,NA,NA,NA,NA,481.090184526944,782.610712309248,0,0,236.379917555,623.7559098825,14693.55444093,"▇▁▁▁▁"
"numeric","v1028007",0,1,NA,NA,NA,NA,NA,NA,NA,NA,480.877317775696,773.956112148504,0,0,236.173813335,627.6710972975,13844.65219573,"▇▁▁▁▁"
"numeric","v1028008",0,1,NA,NA,NA,NA,NA,NA,NA,NA,480.433771126953,790.62632667023,0,0,232.98162307,617.8280310525,14118.33555994,"▇▁▁▁▁"
"numeric","v1028009",0,1,NA,NA,NA,NA,NA,NA,NA,NA,480.992579123075,794.745052820792,0,0,232.972569315,624.7839943325,20194.33281357,"▇▁▁▁▁"
"numeric","v1028010",0,1,NA,NA,NA,NA,NA,NA,NA,NA,481.402683184483,782.995886736843,0,0,238.006878225,620.59727223,12547.54873593,"▇▁▁▁▁"
"numeric","v1028011",0,1,NA,NA,NA,NA,NA,NA,NA,NA,480.926222856457,778.396288941428,0,0,238.016979025,629.273910855,19782.67213926,"▇▁▁▁▁"
"numeric","v1028012",0,1,NA,NA,NA,NA,NA,NA,NA,NA,481.999142797246,796.051554933938,0,0,239.415459855,629.5596104,19675.88724797,"▇▁▁▁▁"
"numeric","v1028013",0,1,NA,NA,NA,NA,NA,NA,NA,NA,480.366278885601,788.36636343492,0,0,237.15054377,627.6886631225,17756.82842772,"▇▁▁▁▁"
"numeric","v1028014",0,1,NA,NA,NA,NA,NA,NA,NA,NA,481.52436538228,814.793272291882,0,0,229.20714762,622.382590125,21609.32112175,"▇▁▁▁▁"
"numeric","v1028015",0,1,NA,NA,NA,NA,NA,NA,NA,NA,482.132788610745,795.371017900159,0,0,237.4489858,627.8794877125,13940.85616851,"▇▁▁▁▁"
"numeric","v1028016",0,1,NA,NA,NA,NA,NA,NA,NA,NA,480.646638083623,794.22343415923,0,0,233.580842415,619.03697561,21260.22219576,"▇▁▁▁▁"
"numeric","v1028017",0,1,NA,NA,NA,NA,NA,NA,NA,NA,480.835170568607,796.982589156946,0,0,233.12253475,628.2681644125,16453.84589786,"▇▁▁▁▁"
"numeric","v1028018",0,1,NA,NA,NA,NA,NA,NA,NA,NA,480.023431768671,831.733603558524,0,0,229.33738768,616.6614242325,20337.16304648,"▇▁▁▁▁"
"numeric","v1028019",0,1,NA,NA,NA,NA,NA,NA,NA,NA,481.263366944253,791.309185792889,0,0,243.56106099,623.56891711,17024.94630479,"▇▁▁▁▁"
"numeric","v1028020",0,1,NA,NA,NA,NA,NA,NA,NA,NA,480.588353583812,813.549328223989,0,0,236.41573823,625.59537702,17802.12713741,"▇▁▁▁▁"
"numeric","v1028021",0,1,NA,NA,NA,NA,NA,NA,NA,NA,481.27235573582,847.190655750429,0,0,236.93315063,627.1106691075,49293.22498057,"▇▁▁▁▁"
"numeric","v1028022",0,1,NA,NA,NA,NA,NA,NA,NA,NA,481.284288819285,826.765929170073,0,0,238.46709288,617.01671752,30982.10350484,"▇▁▁▁▁"
"numeric","v1028023",0,1,NA,NA,NA,NA,NA,NA,NA,NA,481.431176248344,789.592689855748,0,0,235.44962674,623.4447366925,18113.70443073,"▇▁▁▁▁"
"numeric","v1028024",0,1,NA,NA,NA,NA,NA,NA,NA,NA,481.346891426112,801.333110788627,0,0,232.7553009,623.10670196,20966.44746381,"▇▁▁▁▁"
"numeric","v1028025",0,1,NA,NA,NA,NA,NA,NA,NA,NA,481.879179652937,795.153919674438,0,0,236.825498405,621.759067075,13119.20989467,"▇▁▁▁▁"
"numeric","v1028026",0,1,NA,NA,NA,NA,NA,NA,NA,NA,481.907855052137,781.730286491814,0,0,236.26413596,625.7739908,14455.7246946,"▇▁▁▁▁"
"numeric","v1028027",0,1,NA,NA,NA,NA,NA,NA,NA,NA,481.143142837816,789.583020821009,0,0,233.18505958,620.757614915,18192.74868707,"▇▁▁▁▁"
"numeric","v1028028",0,1,NA,NA,NA,NA,NA,NA,NA,NA,481.24785416316,809.055335757356,0,0,232.87042681,624.8184375775,21050.69410531,"▇▁▁▁▁"
"numeric","v1028029",0,1,NA,NA,NA,NA,NA,NA,NA,NA,481.284633390826,802.259558240414,0,0,237.65434806,621.9774567025,20115.6033699,"▇▁▁▁▁"
"numeric","v1028030",0,1,NA,NA,NA,NA,NA,NA,NA,NA,481.368573516947,809.69839502405,0,0,236.5699527,615.74937514,15318.66416215,"▇▁▁▁▁"
"numeric","v1028031",0,1,NA,NA,NA,NA,NA,NA,NA,NA,481.031579506433,817.188898577487,0,0,231.660075165,615.88253511,20753.05818798,"▇▁▁▁▁"
"numeric","v1028032",0,1,NA,NA,NA,NA,NA,NA,NA,NA,479.778742598069,811.709260540162,0,0,231.916303845,614.5878580875,20237.55326561,"▇▁▁▁▁"
"numeric","v1028033",0,1,NA,NA,NA,NA,NA,NA,NA,NA,482.01977908708,798.211695777481,0,0,236.94031318,626.85382902,19981.80038687,"▇▁▁▁▁"
"numeric","v1028034",0,1,NA,NA,NA,NA,NA,NA,NA,NA,479.988847035958,798.635158694909,0,0,230.64907906,628.72050205,15368.581424,"▇▁▁▁▁"
"numeric","v1028035",0,1,NA,NA,NA,NA,NA,NA,NA,NA,481.832934664905,796.563505341499,0,0,240.803708825,618.508936585,14115.78088539,"▇▁▁▁▁"
"numeric","v1028036",0,1,NA,NA,NA,NA,NA,NA,NA,NA,481.31081742917,801.313040687915,0,0,235.86147882,621.971217495,20725.78580548,"▇▁▁▁▁"
"numeric","v1028037",0,1,NA,NA,NA,NA,NA,NA,NA,NA,480.648852564705,795.394101031807,0,0,235.566936755,628.445376965,17732.87448567,"▇▁▁▁▁"
"numeric","v1028038",0,1,NA,NA,NA,NA,NA,NA,NA,NA,481.568620960308,791.067558727884,0,0,236.64581905,627.14394682,14691.36477144,"▇▁▁▁▁"
"numeric","v1028039",0,1,NA,NA,NA,NA,NA,NA,NA,NA,482.192976424231,804.436992608229,0,0,238.25021644,616.3055872675,16733.87824961,"▇▁▁▁▁"
"numeric","v1028040",0,1,NA,NA,NA,NA,NA,NA,NA,NA,481.830778402436,804.762863936381,0,0,234.77936742,621.908434105,15711.11420232,"▇▁▁▁▁"
"numeric","v1028041",0,1,NA,NA,NA,NA,NA,NA,NA,NA,480.715293108838,786.151083766696,0,0,235.94604184,630.24328594,20224.86613596,"▇▁▁▁▁"
"numeric","v1028042",0,1,NA,NA,NA,NA,NA,NA,NA,NA,480.679851599022,789.869894921977,0,0,229.931991715,630.109725465,15297.21114536,"▇▁▁▁▁"
"numeric","v1028043",0,1,NA,NA,NA,NA,NA,NA,NA,NA,481.45607612094,789.142396122036,0,0,239.9662705,622.15016013,14355.82363276,"▇▁▁▁▁"
"numeric","v1028044",0,1,NA,NA,NA,NA,NA,NA,NA,NA,481.690176676281,829.766777146654,0,0,237.69156018,623.4517614575,37501.46153936,"▇▁▁▁▁"
"numeric","v1028045",0,1,NA,NA,NA,NA,NA,NA,NA,NA,481.153712897017,820.90030151862,0,0,235.228430975,627.223922775,30191.2943811,"▇▁▁▁▁"
"numeric","v1028046",0,1,NA,NA,NA,NA,NA,NA,NA,NA,480.899418020386,769.927341869024,0,0,237.2375788,629.003429765,12178.31263228,"▇▁▁▁▁"
"numeric","v1028047",0,1,NA,NA,NA,NA,NA,NA,NA,NA,480.852202302412,807.029000686399,0,0,238.26683894,625.42767888,22873.0022885,"▇▁▁▁▁"
"numeric","v1028048",0,1,NA,NA,NA,NA,NA,NA,NA,NA,481.000547929285,799.282217494974,0,0,238.0549509,624.5630618225,20580.04567626,"▇▁▁▁▁"
"numeric","v1028049",0,1,NA,NA,NA,NA,NA,NA,NA,NA,480.618118286229,841.7719433662,0,0,229.37154711,614.06641893,32077.25280089,"▇▁▁▁▁"
"numeric","v1028050",0,1,NA,NA,NA,NA,NA,NA,NA,NA,481.110046680378,794.632484504357,0,0,234.674883065,630.0049402475,17480.90989648,"▇▁▁▁▁"
"numeric","v1028051",0,1,NA,NA,NA,NA,NA,NA,NA,NA,481.396797259532,825.335294652485,0,0,233.30989585,619.869062305,19347.9403892,"▇▁▁▁▁"
"numeric","v1028052",0,1,NA,NA,NA,NA,NA,NA,NA,NA,481.718845243831,799.190849162839,0,0,234.828376225,631.127192305,17542.79357389,"▇▁▁▁▁"
"numeric","v1028053",0,1,NA,NA,NA,NA,NA,NA,NA,NA,481.43005419591,810.800041539529,0,0,237.32123284,626.85543027,30883.03740041,"▇▁▁▁▁"
"numeric","v1028054",0,1,NA,NA,NA,NA,NA,NA,NA,NA,480.558713134818,801.137477941755,0,0,238.774703345,618.2335922325,21469.91217012,"▇▁▁▁▁"
"numeric","v1028055",0,1,NA,NA,NA,NA,NA,NA,NA,NA,481.244816173761,804.108079268503,0,0,235.55033383,627.3019363475,30033.04177687,"▇▁▁▁▁"
"numeric","v1028056",0,1,NA,NA,NA,NA,NA,NA,NA,NA,481.931782153357,781.329422457117,0,0,232.405963095,628.763016585,14466.16008979,"▇▁▁▁▁"
"numeric","v1028057",0,1,NA,NA,NA,NA,NA,NA,NA,NA,481.381386851922,785.809531057277,0,0,240.989033015,624.174201505,20302.32193417,"▇▁▁▁▁"
"numeric","v1028058",0,1,NA,NA,NA,NA,NA,NA,NA,NA,480.837554729281,781.665545756007,0,0,231.47707397,624.5522937025,12909.30860136,"▇▁▁▁▁"
"numeric","v1028059",0,1,NA,NA,NA,NA,NA,NA,NA,NA,481.223608238222,798.638072021399,0,0,234.894502175,622.8099932675,20836.64977583,"▇▁▁▁▁"
"numeric","v1028060",0,1,NA,NA,NA,NA,NA,NA,NA,NA,480.576366892899,800.797860985971,0,0,225.96370944,617.74560599,18038.87865338,"▇▁▁▁▁"
"numeric","v1028061",0,1,NA,NA,NA,NA,NA,NA,NA,NA,480.838433595946,823.210913245281,0,0,231.234587325,624.90918261,31504.72219221,"▇▁▁▁▁"
"numeric","v1028062",0,1,NA,NA,NA,NA,NA,NA,NA,NA,482.195996264127,816.578806012411,0,0,232.375635315,628.9578129875,21254.13806181,"▇▁▁▁▁"
"numeric","v1028063",0,1,NA,NA,NA,NA,NA,NA,NA,NA,481.408822153944,802.438831250091,0,0,230.713206385,623.57098394,21305.50640872,"▇▁▁▁▁"
"numeric","v1028064",0,1,NA,NA,NA,NA,NA,NA,NA,NA,481.533724337593,799.882905929653,0,0,234.56208131,621.1734981025,19303.88170092,"▇▁▁▁▁"
"numeric","v1028065",0,1,NA,NA,NA,NA,NA,NA,NA,NA,481.078571434179,793.151596326902,0,0,236.255412055,622.60780254,21296.87701701,"▇▁▁▁▁"
"numeric","v1028066",0,1,NA,NA,NA,NA,NA,NA,NA,NA,481.036957872646,799.131699007777,0,0,234.028127505,624.0335001,21580.30656152,"▇▁▁▁▁"
"numeric","v1028067",0,1,NA,NA,NA,NA,NA,NA,NA,NA,481.22807367804,802.173145766962,0,0,238.01601984,625.54375299,17382.04209443,"▇▁▁▁▁"
"numeric","v1028068",0,1,NA,NA,NA,NA,NA,NA,NA,NA,480.557256263487,790.041093072063,0,0,237.319110275,626.720560525,13515.38140519,"▇▁▁▁▁"
"numeric","v1028069",0,1,NA,NA,NA,NA,NA,NA,NA,NA,481.706871917922,787.794919280666,0,0,235.923838,627.7979464575,14127.7114959,"▇▁▁▁▁"
"numeric","v1028070",0,1,NA,NA,NA,NA,NA,NA,NA,NA,480.937078905364,799.193886749802,0,0,229.823763975,627.580699305,13762.00465675,"▇▁▁▁▁"
"numeric","v1028071",0,1,NA,NA,NA,NA,NA,NA,NA,NA,481.076115002051,802.151047169521,0,0,233.31165235,621.51879062,16546.17202157,"▇▁▁▁▁"
"numeric","v1028072",0,1,NA,NA,NA,NA,NA,NA,NA,NA,480.796931190332,814.638826174598,0,0,241.29334269,620.02387064,19853.738074,"▇▁▁▁▁"
"numeric","v1028073",0,1,NA,NA,NA,NA,NA,NA,NA,NA,480.833443486241,784.669343996705,0,0,237.01065789,619.68589286,13142.67437635,"▇▁▁▁▁"
"numeric","v1028074",0,1,NA,NA,NA,NA,NA,NA,NA,NA,480.896823253638,782.295491098276,0,0,236.22912157,620.82287822,15944.40564789,"▇▁▁▁▁"
"numeric","v1028075",0,1,NA,NA,NA,NA,NA,NA,NA,NA,480.695484527761,825.698634978999,0,0,234.990969365,623.5638845,30526.30289778,"▇▁▁▁▁"
"numeric","v1028076",0,1,NA,NA,NA,NA,NA,NA,NA,NA,481.165444327527,799.049697372548,0,0,233.75323784,627.28890241,15923.91148683,"▇▁▁▁▁"
"numeric","v1028077",0,1,NA,NA,NA,NA,NA,NA,NA,NA,481.393406180034,778.363784492599,0,0,232.05679791,631.4401584375,13916.13323302,"▇▁▁▁▁"
"numeric","v1028078",0,1,NA,NA,NA,NA,NA,NA,NA,NA,480.706264478475,804.054802355018,0,0,232.466555095,622.4096985225,21206.19977618,"▇▁▁▁▁"
"numeric","v1028079",0,1,NA,NA,NA,NA,NA,NA,NA,NA,481.183803550087,813.319923383535,0,0,227.79519589,614.3425566125,16983.85737288,"▇▁▁▁▁"
"numeric","v1028080",0,1,NA,NA,NA,NA,NA,NA,NA,NA,481.638100471264,796.765311151762,0,0,235.3467999,633.28466372,19535.90171702,"▇▁▁▁▁"
"numeric","v1028081",0,1,NA,NA,NA,NA,NA,NA,NA,NA,481.426817508051,807.228675149186,0,0,231.8415322,624.7337612825,21968.9367546,"▇▁▁▁▁"
"numeric","v1028082",0,1,NA,NA,NA,NA,NA,NA,NA,NA,481.956447195369,795.77273694705,0,0,234.618921075,630.317043355,17820.984672,"▇▁▁▁▁"
"numeric","v1028083",0,1,NA,NA,NA,NA,NA,NA,NA,NA,480.922793426545,788.183268050238,0,0,236.61736041,631.32412966,20137.75756516,"▇▁▁▁▁"
"numeric","v1028084",0,1,NA,NA,NA,NA,NA,NA,NA,NA,481.350411493108,790.051956594597,0,0,239.081870475,636.261925415,33992.77373067,"▇▁▁▁▁"
"numeric","v1028085",0,1,NA,NA,NA,NA,NA,NA,NA,NA,481.012146135802,816.076726014852,0,0,235.38321322,620.97704397,30980.73451373,"▇▁▁▁▁"
"numeric","v1028086",0,1,NA,NA,NA,NA,NA,NA,NA,NA,481.039825634144,805.071543012357,0,0,234.087585505,625.6258861725,21843.80027338,"▇▁▁▁▁"
"numeric","v1028087",0,1,NA,NA,NA,NA,NA,NA,NA,NA,480.800771908731,798.918640446359,0,0,235.464556815,622.63152429,12869.93890374,"▇▁▁▁▁"
"numeric","v1028088",0,1,NA,NA,NA,NA,NA,NA,NA,NA,481.525796433593,821.624376318706,0,0,233.83175458,623.0619954275,32042.71527708,"▇▁▁▁▁"
"numeric","v1028089",0,1,NA,NA,NA,NA,NA,NA,NA,NA,481.449189282596,789.343115223934,0,0,234.123891705,624.713090885,21410.78560796,"▇▁▁▁▁"
"numeric","v1028090",0,1,NA,NA,NA,NA,NA,NA,NA,NA,481.488027998228,805.346544660346,0,0,230.572429805,628.90521635,20092.84007628,"▇▁▁▁▁"
"numeric","v1028091",0,1,NA,NA,NA,NA,NA,NA,NA,NA,481.00426967877,807.725117603676,0,0,240.136483415,627.567038855,19835.91380155,"▇▁▁▁▁"
"numeric","v1028092",0,1,NA,NA,NA,NA,NA,NA,NA,NA,481.044173512414,798.609504103036,0,0,234.92947981,619.26490886,18411.38962399,"▇▁▁▁▁"
"numeric","v1028093",0,1,NA,NA,NA,NA,NA,NA,NA,NA,480.236463221965,806.834354576703,0,0,234.230521855,617.099220155,20818.58687493,"▇▁▁▁▁"
"numeric","v1028094",0,1,NA,NA,NA,NA,NA,NA,NA,NA,481.515781903739,788.53322851801,0,0,231.66503292,623.06688476,16925.66917214,"▇▁▁▁▁"
"numeric","v1028095",0,1,NA,NA,NA,NA,NA,NA,NA,NA,481.464947743797,781.935161439484,0,0,231.663771395,626.50664375,14518.80402437,"▇▁▁▁▁"
"numeric","v1028096",0,1,NA,NA,NA,NA,NA,NA,NA,NA,481.754051750444,805.940665657642,0,0,235.690181135,621.8643335,14289.29809475,"▇▁▁▁▁"
"numeric","v1028097",0,1,NA,NA,NA,NA,NA,NA,NA,NA,480.640242936458,841.861048239624,0,0,230.15145336,624.1854747675,38175.14434109,"▇▁▁▁▁"
"numeric","v1028098",0,1,NA,NA,NA,NA,NA,NA,NA,NA,480.077014916394,785.491593227597,0,0,233.38565823,620.5907523125,13243.08954426,"▇▁▁▁▁"
"numeric","v1028099",0,1,NA,NA,NA,NA,NA,NA,NA,NA,481.234770308373,807.113656123939,0,0,234.01798976,623.1039054975,20591.91849207,"▇▁▁▁▁"
"numeric","v1028100",0,1,NA,NA,NA,NA,NA,NA,NA,NA,479.960564190495,779.595341348078,0,0,238.22340408,622.4926670475,13759.02573604,"▇▁▁▁▁"
"numeric","v1028101",0,1,NA,NA,NA,NA,NA,NA,NA,NA,481.660374768297,798.210325346974,0,0,231.55999362,623.0132485575,15301.25999925,"▇▁▁▁▁"
"numeric","v1028102",0,1,NA,NA,NA,NA,NA,NA,NA,NA,481.232939256071,783.142359020856,0,0,236.055454425,627.670676425,15676.64329298,"▇▁▁▁▁"
"numeric","v1028103",0,1,NA,NA,NA,NA,NA,NA,NA,NA,482.080042372822,839.61783974887,0,0,229.080287015,620.45395665,27534.13723976,"▇▁▁▁▁"
"numeric","v1028104",0,1,NA,NA,NA,NA,NA,NA,NA,NA,481.692069808853,798.306508952099,0,0,233.910858835,621.21446583,13484.38750857,"▇▁▁▁▁"
"numeric","v1028105",0,1,NA,NA,NA,NA,NA,NA,NA,NA,480.945728665195,779.504383791099,0,0,240.11048554,625.7496009175,12930.82093678,"▇▁▁▁▁"
"numeric","v1028106",0,1,NA,NA,NA,NA,NA,NA,NA,NA,480.958151884753,798.257503144925,0,0,231.00105188,628.1305327425,20474.06774836,"▇▁▁▁▁"
"numeric","v1028107",0,1,NA,NA,NA,NA,NA,NA,NA,NA,481.294595246302,778.595413204708,0,0,236.26569832,626.32452749,13652.95072961,"▇▁▁▁▁"
"numeric","v1028108",0,1,NA,NA,NA,NA,NA,NA,NA,NA,481.213194116665,792.337104259749,0,0,231.66941493,625.38777425,14491.77913924,"▇▁▁▁▁"
"numeric","v1028109",0,1,NA,NA,NA,NA,NA,NA,NA,NA,480.857461309421,792.884054694978,0,0,235.64714557,615.327755205,14979.12168461,"▇▁▁▁▁"
"numeric","v1028110",0,1,NA,NA,NA,NA,NA,NA,NA,NA,481.899014337863,803.284182772875,0,0,240.05561573,625.73762518,20821.39233976,"▇▁▁▁▁"
"numeric","v1028111",0,1,NA,NA,NA,NA,NA,NA,NA,NA,480.107966324189,795.392552876475,0,0,235.79931757,620.3137434475,21728.39103645,"▇▁▁▁▁"
"numeric","v1028112",0,1,NA,NA,NA,NA,NA,NA,NA,NA,480.838090994191,784.716356504364,0,0,235.27488232,625.90981737,12362.67912694,"▇▁▁▁▁"
"numeric","v1028113",0,1,NA,NA,NA,NA,NA,NA,NA,NA,481.368603561095,799.04403511488,0,0,237.544366765,620.971080275,22890.37621064,"▇▁▁▁▁"
"numeric","v1028114",0,1,NA,NA,NA,NA,NA,NA,NA,NA,481.351665683663,768.039781592458,0,0,242.75738432,625.94181259,11033.60093796,"▇▁▁▁▁"
"numeric","v1028115",0,1,NA,NA,NA,NA,NA,NA,NA,NA,481.159969698588,784.566865672105,0,0,234.418792885,623.45618056,12715.01559274,"▇▁▁▁▁"
"numeric","v1028116",0,1,NA,NA,NA,NA,NA,NA,NA,NA,481.389451254533,813.865451386651,0,0,231.364489095,619.4657770775,19785.37781277,"▇▁▁▁▁"
"numeric","v1028117",0,1,NA,NA,NA,NA,NA,NA,NA,NA,481.246085875951,825.20568509243,0,0,235.58275258,623.7044628675,29957.96081589,"▇▁▁▁▁"
"numeric","v1028118",0,1,NA,NA,NA,NA,NA,NA,NA,NA,481.100090709788,807.529800436895,0,0,225.12226881,622.747968945,14498.74551237,"▇▁▁▁▁"
"numeric","v1028119",0,1,NA,NA,NA,NA,NA,NA,NA,NA,481.618635775097,793.80278562922,0,0,234.14424885,631.84337154,14698.89168426,"▇▁▁▁▁"
"numeric","v1028120",0,1,NA,NA,NA,NA,NA,NA,NA,NA,480.94945087844,798.208068809842,0,0,234.85009935,620.34504656,20349.35919456,"▇▁▁▁▁"
"numeric","v1028121",0,1,NA,NA,NA,NA,NA,NA,NA,NA,481.418363844599,799.38561285592,0,0,231.14595901,629.27006459,17078.98764866,"▇▁▁▁▁"
"numeric","v1028122",0,1,NA,NA,NA,NA,NA,NA,NA,NA,481.684817044389,783.183013479829,0,0,237.567896505,626.384202805,17576.90748567,"▇▁▁▁▁"
"numeric","v1028123",0,1,NA,NA,NA,NA,NA,NA,NA,NA,481.016012049485,788.415624924584,0,0,233.21189431,629.49106731,13413.99951797,"▇▁▁▁▁"
"numeric","v1028124",0,1,NA,NA,NA,NA,NA,NA,NA,NA,481.398335157833,803.502149506673,0,0,232.80339523,618.17130673,20053.08904552,"▇▁▁▁▁"
"numeric","v1028125",0,1,NA,NA,NA,NA,NA,NA,NA,NA,481.638685389015,782.395966447958,0,0,239.14605652,626.333444425,14151.27020136,"▇▁▁▁▁"
"numeric","v1028126",0,1,NA,NA,NA,NA,NA,NA,NA,NA,480.348542393426,812.880324747915,0,0,235.359383995,620.93658523,16482.70885771,"▇▁▁▁▁"
"numeric","v1028127",0,1,NA,NA,NA,NA,NA,NA,NA,NA,481.157628761993,822.21701807147,0,0,238.10066588,626.1111541025,28435.87437997,"▇▁▁▁▁"
"numeric","v1028128",0,1,NA,NA,NA,NA,NA,NA,NA,NA,481.950467721452,794.380412020008,0,0,231.0339685,625.0225819425,14760.61391356,"▇▁▁▁▁"
"numeric","v1028129",0,1,NA,NA,NA,NA,NA,NA,NA,NA,480.941042018028,787.035747691418,0,0,228.82517533,628.8758279325,17110.06602084,"▇▁▁▁▁"
"numeric","v1028130",0,1,NA,NA,NA,NA,NA,NA,NA,NA,481.443255399881,812.296438038185,0,0,233.83020788,623.34923671,30525.45567525,"▇▁▁▁▁"
"numeric","v1028131",0,1,NA,NA,NA,NA,NA,NA,NA,NA,480.856546559437,788.385285650055,0,0,235.87822731,629.32817227,14457.44097287,"▇▁▁▁▁"
"numeric","v1028132",0,1,NA,NA,NA,NA,NA,NA,NA,NA,480.991869872692,838.229633901673,0,0,233.16648383,616.772720475,30451.23951091,"▇▁▁▁▁"
"numeric","v1028133",0,1,NA,NA,NA,NA,NA,NA,NA,NA,481.228859530104,787.756749010807,0,0,240.117414415,620.446511735,14235.31557933,"▇▁▁▁▁"
"numeric","v1028134",0,1,NA,NA,NA,NA,NA,NA,NA,NA,480.853161405625,803.307818644526,0,0,235.84126177,620.65994518,15272.33295883,"▇▁▁▁▁"
"numeric","v1028135",0,1,NA,NA,NA,NA,NA,NA,NA,NA,481.024861352724,801.826947160101,0,0,231.869569385,622.64559605,17559.88244265,"▇▁▁▁▁"
"numeric","v1028136",0,1,NA,NA,NA,NA,NA,NA,NA,NA,481.22959632073,845.293972107481,0,0,233.764094015,622.7717251825,40916.1147254,"▇▁▁▁▁"
"numeric","v1028137",0,1,NA,NA,NA,NA,NA,NA,NA,NA,480.819360566594,802.326455144515,0,0,237.865298455,623.3153813475,18822.51814393,"▇▁▁▁▁"
"numeric","v1028138",0,1,NA,NA,NA,NA,NA,NA,NA,NA,481.490169975988,800.78511316365,0,0,231.54105126,622.81966873,19083.12477011,"▇▁▁▁▁"
"numeric","v1028139",0,1,NA,NA,NA,NA,NA,NA,NA,NA,481.432582806836,797.162692620453,0,0,239.828116125,619.131464925,14048.70986219,"▇▁▁▁▁"
"numeric","v1028140",0,1,NA,NA,NA,NA,NA,NA,NA,NA,480.505208429439,788.995841708686,0,0,236.37037061,617.85927177,13651.04232033,"▇▁▁▁▁"
"numeric","v1028141",0,1,NA,NA,NA,NA,NA,NA,NA,NA,480.646273051316,804.239528225848,0,0,229.06278862,610.534558785,15904.65826698,"▇▁▁▁▁"
"numeric","v1028142",0,1,NA,NA,NA,NA,NA,NA,NA,NA,481.105611391579,787.402826075437,0,0,234.90954365,623.986310615,27642.7487339,"▇▁▁▁▁"
"numeric","v1028143",0,1,NA,NA,NA,NA,NA,NA,NA,NA,481.432390938029,789.452034979932,0,0,236.074713845,620.74891088,12165.94754113,"▇▁▁▁▁"
"numeric","v1028144",0,1,NA,NA,NA,NA,NA,NA,NA,NA,480.934912091642,801.921939312635,0,0,232.41497588,621.64524814,16719.72636653,"▇▁▁▁▁"
"numeric","v1028145",0,1,NA,NA,NA,NA,NA,NA,NA,NA,481.974795240341,815.959067621428,0,0,233.918116185,632.9267958175,20530.91139959,"▇▁▁▁▁"
"numeric","v1028146",0,1,NA,NA,NA,NA,NA,NA,NA,NA,480.478406437907,831.595121019676,0,0,227.57094177,620.760912,29293.86019277,"▇▁▁▁▁"
"numeric","v1028147",0,1,NA,NA,NA,NA,NA,NA,NA,NA,480.819591521467,777.145572668264,0,0,242.03693691,627.9845939975,20662.2538044,"▇▁▁▁▁"
"numeric","v1028148",0,1,NA,NA,NA,NA,NA,NA,NA,NA,481.92484135724,785.558471671363,0,0,240.36938396,628.2536977825,16680.21026199,"▇▁▁▁▁"
"numeric","v1028149",0,1,NA,NA,NA,NA,NA,NA,NA,NA,481.120743790355,800.714568621423,0,0,235.0696649,626.9643116,20718.4634426,"▇▁▁▁▁"
"numeric","v1028150",0,1,NA,NA,NA,NA,NA,NA,NA,NA,481.4845544033,788.955703326573,0,0,232.4955771,633.572600295,16876.64374077,"▇▁▁▁▁"
"numeric","v1028151",0,1,NA,NA,NA,NA,NA,NA,NA,NA,480.057705023935,808.528530768008,0,0,235.18030718,618.2916367725,15326.06068744,"▇▁▁▁▁"
"numeric","v1028152",0,1,NA,NA,NA,NA,NA,NA,NA,NA,481.10796120129,807.168454004321,0,0,234.75265027,621.43161351,21247.29343758,"▇▁▁▁▁"
"numeric","v1028153",0,1,NA,NA,NA,NA,NA,NA,NA,NA,481.908163642064,785.097797688867,0,0,237.10292431,629.2946955075,13499.46810553,"▇▁▁▁▁"
"numeric","v1028154",0,1,NA,NA,NA,NA,NA,NA,NA,NA,480.965256332351,799.169708719622,0,0,230.834115625,620.09900813,17097.79527706,"▇▁▁▁▁"
"numeric","v1028155",0,1,NA,NA,NA,NA,NA,NA,NA,NA,481.39638302037,787.309945879995,0,0,237.25229094,624.615437725,20246.88013961,"▇▁▁▁▁"
"numeric","v1028156",0,1,NA,NA,NA,NA,NA,NA,NA,NA,481.48306406115,790.097094690968,0,0,235.34060253,627.2795514625,15683.79195018,"▇▁▁▁▁"
"numeric","v1028157",0,1,NA,NA,NA,NA,NA,NA,NA,NA,481.601926111767,789.39612871129,0,0,236.423248945,627.48019433,12225.90770398,"▇▁▁▁▁"
"numeric","v1028158",0,1,NA,NA,NA,NA,NA,NA,NA,NA,481.290422309276,791.383578518347,0,0,234.73801719,624.3145316625,19143.33288029,"▇▁▁▁▁"
"numeric","v1028159",0,1,NA,NA,NA,NA,NA,NA,NA,NA,480.462215818486,784.504640515121,0,0,236.82064682,622.4539009,17715.53017769,"▇▁▁▁▁"
"numeric","v1028160",0,1,NA,NA,NA,NA,NA,NA,NA,NA,481.71122225454,798.227945157012,0,0,236.304833175,619.5708645975,20588.13096943,"▇▁▁▁▁"
"numeric","v1028161",0,1,NA,NA,NA,NA,NA,NA,NA,NA,481.243978140552,804.515676369169,0,0,236.929068075,629.0737226325,30776.59356759,"▇▁▁▁▁"
"numeric","v1028162",0,1,NA,NA,NA,NA,NA,NA,NA,NA,480.568606867746,785.03147844258,0,0,241.214811725,623.77026613,19897.08021368,"▇▁▁▁▁"
"numeric","v1028163",0,1,NA,NA,NA,NA,NA,NA,NA,NA,481.164493662753,818.406507645313,0,0,236.25514983,621.7942019825,28202.59257062,"▇▁▁▁▁"
"numeric","v1028164",0,1,NA,NA,NA,NA,NA,NA,NA,NA,479.882015766636,823.102879910299,0,0,231.85015916,620.09569007,30968.26519269,"▇▁▁▁▁"
"numeric","v1028165",0,1,NA,NA,NA,NA,NA,NA,NA,NA,479.83964077316,783.707684540899,0,0,238.00449579,616.5129444975,19713.46284006,"▇▁▁▁▁"
"numeric","v1028166",0,1,NA,NA,NA,NA,NA,NA,NA,NA,480.743678585116,792.982339791688,0,0,235.45922528,628.2162825875,15176.85623305,"▇▁▁▁▁"
"numeric","v1028167",0,1,NA,NA,NA,NA,NA,NA,NA,NA,480.78047395711,799.199078894464,0,0,231.159466085,623.411473235,20056.21723807,"▇▁▁▁▁"
"numeric","v1028168",0,1,NA,NA,NA,NA,NA,NA,NA,NA,480.132068402513,785.842715152571,0,0,236.40787942,625.2387138,12975.80943781,"▇▁▁▁▁"
"numeric","v1028169",0,1,NA,NA,NA,NA,NA,NA,NA,NA,481.000312499245,795.577599554018,0,0,232.85367114,626.80168762,20667.74615032,"▇▁▁▁▁"
"numeric","v1028170",0,1,NA,NA,NA,NA,NA,NA,NA,NA,481.845078421499,778.377322992692,0,0,239.899876295,627.08391243,12195.06164755,"▇▁▁▁▁"
"numeric","v1028171",0,1,NA,NA,NA,NA,NA,NA,NA,NA,481.423902874938,813.756098999337,0,0,230.890869165,621.83483786,14944.94612539,"▇▁▁▁▁"
"numeric","v1028172",0,1,NA,NA,NA,NA,NA,NA,NA,NA,481.067129575276,782.563262583618,0,0,236.065266445,625.795827675,14325.15374908,"▇▁▁▁▁"
"numeric","v1028173",0,1,NA,NA,NA,NA,NA,NA,NA,NA,481.939348061023,802.18660672544,0,0,237.49483763,629.1921267025,20431.35654104,"▇▁▁▁▁"
"numeric","v1028174",0,1,NA,NA,NA,NA,NA,NA,NA,NA,481.544669011299,778.047851499012,0,0,237.39888763,621.91381562,11442.26320589,"▇▁▁▁▁"
"numeric","v1028175",0,1,NA,NA,NA,NA,NA,NA,NA,NA,481.982977361999,805.420012821775,0,0,243.35771074,624.371657105,18139.79540958,"▇▁▁▁▁"
"numeric","v1028176",0,1,NA,NA,NA,NA,NA,NA,NA,NA,481.14881718747,807.271744419735,0,0,234.73351467,616.2834235025,19157.23517789,"▇▁▁▁▁"
"numeric","v1028177",0,1,NA,NA,NA,NA,NA,NA,NA,NA,481.170479757728,790.103720731302,0,0,238.71956601,620.7909504725,21416.4008033,"▇▁▁▁▁"
"numeric","v1028178",0,1,NA,NA,NA,NA,NA,NA,NA,NA,481.296866042127,788.586309098318,0,0,234.24981154,625.764840095,13999.06144127,"▇▁▁▁▁"
"numeric","v1028179",0,1,NA,NA,NA,NA,NA,NA,NA,NA,481.44359706463,792.213994458033,0,0,235.11574671,619.892672815,14177.70598605,"▇▁▁▁▁"
"numeric","v1028180",0,1,NA,NA,NA,NA,NA,NA,NA,NA,481.491102740346,807.520036507071,0,0,228.14998414,617.919534175,15909.63893311,"▇▁▁▁▁"
"numeric","v1028181",0,1,NA,NA,NA,NA,NA,NA,NA,NA,481.447941776641,797.408934235332,0,0,229.01448837,619.9576159,15579.05707712,"▇▁▁▁▁"
"numeric","v1028182",0,1,NA,NA,NA,NA,NA,NA,NA,NA,481.172432303449,786.069492224614,0,0,235.74826905,623.38373094,17258.40544713,"▇▁▁▁▁"
"numeric","v1028183",0,1,NA,NA,NA,NA,NA,NA,NA,NA,481.550575608681,791.898323722334,0,0,235.38646751,627.6414757325,12972.30327834,"▇▁▁▁▁"
"numeric","v1028184",0,1,NA,NA,NA,NA,NA,NA,NA,NA,481.388766908198,799.823519403724,0,0,232.71499395,622.414560055,14766.88790561,"▇▁▁▁▁"
"numeric","v1028185",0,1,NA,NA,NA,NA,NA,NA,NA,NA,480.922497285801,792.223466578145,0,0,239.17018531,620.5036825825,19608.09989614,"▇▁▁▁▁"
"numeric","v1028186",0,1,NA,NA,NA,NA,NA,NA,NA,NA,481.275408242216,804.65661403412,0,0,236.786072455,628.37837143,19040.14938909,"▇▁▁▁▁"
"numeric","v1028187",0,1,NA,NA,NA,NA,NA,NA,NA,NA,481.182627180882,787.740316845254,0,0,239.16334411,626.24950394,16547.85165424,"▇▁▁▁▁"
"numeric","v1028188",0,1,NA,NA,NA,NA,NA,NA,NA,NA,480.384932951114,809.356246922582,0,0,237.702615605,621.31557263,25345.39768998,"▇▁▁▁▁"
"numeric","v1028189",0,1,NA,NA,NA,NA,NA,NA,NA,NA,481.068662853526,809.949840078626,0,0,231.60592654,616.7387776525,15063.89014904,"▇▁▁▁▁"
"numeric","v1028190",0,1,NA,NA,NA,NA,NA,NA,NA,NA,481.061786986976,794.681330352138,0,0,227.658109225,624.74638413,13385.49263957,"▇▁▁▁▁"
"numeric","v1028191",0,1,NA,NA,NA,NA,NA,NA,NA,NA,481.731270286867,789.378382200465,0,0,233.308680385,629.95010132,12139.37527481,"▇▁▁▁▁"
"numeric","v1028192",0,1,NA,NA,NA,NA,NA,NA,NA,NA,481.860813729716,780.058826368517,0,0,235.76677279,623.1291639,17842.36295914,"▇▁▁▁▁"
"numeric","v1028193",0,1,NA,NA,NA,NA,NA,NA,NA,NA,480.95847798417,803.661451957832,0,0,236.627907215,613.247535225,12719.01069309,"▇▁▁▁▁"
"numeric","v1028194",0,1,NA,NA,NA,NA,NA,NA,NA,NA,482.052123019432,782.37513742827,0,0,234.61788637,628.69456173,14138.21051211,"▇▁▁▁▁"
"numeric","v1028195",0,1,NA,NA,NA,NA,NA,NA,NA,NA,481.440706971079,798.715476019156,0,0,238.04992613,625.313489295,21185.28675202,"▇▁▁▁▁"
"numeric","v1028196",0,1,NA,NA,NA,NA,NA,NA,NA,NA,480.875316509499,795.524237489117,0,0,236.612096165,622.298621685,14321.7938552,"▇▁▁▁▁"
"numeric","v1028197",0,1,NA,NA,NA,NA,NA,NA,NA,NA,480.51655207017,790.95180601375,0,0,231.457663515,623.33067045,14119.95448733,"▇▁▁▁▁"
"numeric","v1028198",0,1,NA,NA,NA,NA,NA,NA,NA,NA,480.905240766219,784.403507639541,0,0,242.35291506,622.9948352,18611.31531852,"▇▁▁▁▁"
"numeric","v1028199",0,1,NA,NA,NA,NA,NA,NA,NA,NA,480.589543136349,822.074789999877,0,0,223.82687977,618.10539613,15596.40796467,"▇▁▁▁▁"
"numeric","v1028200",0,1,NA,NA,NA,NA,NA,NA,NA,NA,480.991969687447,785.197020773285,0,0,230.12117743,631.0625654375,20621.16150182,"▇▁▁▁▁"
"numeric","idade",0,1,NA,NA,NA,NA,NA,NA,NA,NA,21.8849682356045,4.34374863642363,15,18,22,26,29,"▇▇▇▇▇"
"numeric","estudando",0,1,NA,NA,NA,NA,NA,NA,NA,NA,0.387708295276949,0.487229906924862,0,0,0,1,1,"▇▁▁▁▅"
"numeric","nivel_instrucao",0,1,NA,NA,NA,NA,NA,NA,NA,NA,4.36302746148694,1.47161175126099,1,3,5,5,7,"▃▂▅▇▅"
"numeric","concluiu_em",0,1,NA,NA,NA,NA,NA,NA,NA,NA,0.537853416955895,0.498567589601696,0,0,1,1,1,"▇▁▁▁▇"
"numeric","ocupado",0,1,NA,NA,NA,NA,NA,NA,NA,NA,0.509884511558993,0.499904823499169,0,0,1,1,1,"▇▁▁▁▇"
"numeric","formal",0,1,NA,NA,NA,NA,NA,NA,NA,NA,0,0,0,0,0,0,0,"▁▁▇▁▁"
"numeric","neet",0,1,NA,NA,NA,NA,NA,NA,NA,NA,0.223923765450892,0.416873693506902,0,0,0,0,1,"▇▁▁▁▂"
